,Marker,Dist,grp_idx,Group
1,A407B,0,1,A1
2,Sat_385,2.694,1,A1
3,Satt276,4.853,1,A1
4,GNE070a,10.065,1,A1
5,Sat_384,12.828,1,A1
6,Satt591,14.4,1,A1
7,GMKF059b,15.391,1,A1
8,Sat_265,15.861,1,A1
9,Satt300,20.06,1,A1
10,L13V,25.921,1,A1
11,Sat_356,29.807,1,A1
12,B30T,35.384,1,A1
13,Sat_171,38.345,1,A1
14,Satt648,41.341,1,A1
15,K418_2V,46.079,1,A1
16,LD24V,52.989,1,A1
17,A725_1V,55.789,1,A1
18,Satt545,57.116,1,A1
19,GNE119,60.996,1,A1
20,Sat_267,65.209,1,A1
21,K400I,68.323,1,A1
22,K636I,70.866,1,A1
23,A170T,77.072,1,A1
24,A176T,78.372,1,A1
25,GMKF104a,79.85,1,A1
26,GMKF148b,84.877,1,A1
27,GMKF148a,89.087,1,A1
28,GNE045,93.974,1,A1
29,Sat_217,107.283,1,A1
30,A111H,0,2,A2
31,AW132402,3.808,2,A2
32,A724T,10.823,2,A2
33,Satt424,16.122,2,A2
34,Sat_199,17.149,2,A2
35,GMKF149a,18.957,2,A2
36,Sat_400,18.977,2,A2
37,Satt119,22.621,2,A2
38,GMENOD2B,23.965,2,A2
39,Satt525,26.847,2,A2
40,A117_2H,29.058,2,A2
41,Sat_162,31.888,2,A2
42,A117_1D,32.904,2,A2
43,Sat_250,38.193,2,A2
44,GNE106,40.328,2,A2
45,LA7_2T,40.38,2,A2
46,A96V,42.955,2,A2
47,Sat_310,46.388,2,A2
48,K418_1V,46.634,2,A2
49,GNB113,50.474,2,A2
50,A690D,51.743,2,A2
51,Satt327a,52.591,2,A2
52,GNB103,53.564,2,A2
53,Sat_232b,53.773,2,A2
54,Sat_232a,54.68,2,A2
55,Satt158,55.92,2,A2
56,BE820148,56.56,2,A2
57,Satt707,56.673,2,A2
58,K2T,57.638,2,A2
59,Satt589,58.907,2,A2
60,GNE486,59.144,2,A2
61,GNE034,59.917,2,A2
62,Satt177,60.92,2,A2
63,GNE124,61.348,2,A2
64,A85I,62.044,2,A2
65,GNT132,63.648,2,A2
66,Satt133,65.142,2,A2
67,GNE079,66.88,2,A2
68,LE44D,71.433,2,A2
69,Sat_036b,72.732,2,A2
70,STAS8_1T,77.055,2,A2
71,Sat_294,78.69,2,A2
72,STAS8_8T,80.718,2,A2
73,STAS8_5T,82.095,2,A2
74,Satt409,87.652,2,A2
75,GNB104a,90.905,2,A2
76,Satt228,96.251,2,A2
77,Sat_347,99.716,2,A2
78,STAS8_9T,103.688,2,A2
79,STAS813T,105.627,2,A2
80,STAS810T,107.418,2,A2
81,STAS8_4T,108.318,2,A2
82,STAS8_7T,108.843,2,A2
83,STAS811T,111.697,2,A2
84,STAS814T,113.399,2,A2
85,STAS817T,114.72,2,A2
86,STAS816T,116.233,2,A2
87,STAS812T,118.187,2,A2
88,STAS818T,121.316,2,A2
89,STAS819T,126.136,2,A2
90,STAS820T,127.258,2,A2
91,STAS8_3T,132.351,2,A2
92,STAS8_6T,133.762,2,A2
93,STAS815T,135.527,2,A2
94,LE31T,140.528,2,A2
95,A676I,146.247,2,A2
96,STAS8_2T,147.82,2,A2
97,GMKF104b,0,3,B1
98,Satt509,5.511,3,B1
99,GMKF177,9.906,3,B1
100,Satt426,13.516,3,B1
101,GMKF080,16.645,3,B1
102,Sat_156,16.72,3,B1
103,Satt251,19.534,3,B1
104,Sat_261,24.581,3,B1
105,GMpti_D,27.704,3,B1
106,Sat_247,31.685,3,B1
107,GMKF082c,32.233,3,B1
108,GMKF168b,39.354,3,B1
109,Satt197,42.476,3,B1
110,B219V,44.689,3,B1
111,GMKF046,45.856,3,B1
112,Sat_128,49.184,3,B1
113,Sat_149,52.03,3,B1
114,GNE037,52.046,3,B1
115,GMKF164,53.004,3,B1
116,A333I,59.343,3,B1
117,A118T,62.273,3,B1
118,A520T,66.098,3,B1
119,GMKF003,68.117,3,B1
120,GNE062,71.739,3,B1
121,Satt597,76.364,3,B1
122,GNE307,86.164,3,B1
123,Sat_331,89.465,3,B1
124,Satt332,89.769,3,B1
125,LC35I,99.6,3,B1
126,GNB145,102.518,3,B1
127,Satt359,109.118,3,B1
128,OPT17_1,114.632,3,B1
129,Sct_034,0,4,B2
130,Satt168,4.826,4,B2
131,GMKF168a,9.397,4,B2
132,A685H,12.766,4,B2
133,Satt556,13.575,4,B2
134,Sct_094,14.703,4,B2
135,Sat_355,16.347,4,B2
136,Sat_182,17.906,4,B2
137,GNE018,18.133,4,B2
138,Satt318,19.598,4,B2
139,OPF04,20.621,4,B2
140,Sat_177,20.64,4,B2
141,Sat_189,21.596,4,B2
142,Satt272,22.705,4,B2
143,Satt066,24.53,4,B2
144,Satt474,26.834,4,B2
145,A148I,29.535,4,B2
146,Sat_264,30.838,4,B2
147,Satt534,32.127,4,B2
148,B142_4I,32.619,4,B2
149,Sat_038,34.533,4,B2
150,GNE220,38.664,4,B2
151,Satt063,40.464,4,B2
152,Satt126,40.893,4,B2
153,A516_1H,43.195,4,B2
154,Sat_424,44.36,4,B2
155,Satt560,45.566,4,B2
156,K494_1I,45.969,4,B2
157,A516_2H,46.662,4,B2
158,B142_1I,47.045,4,B2
159,A519T,48.703,4,B2
160,A352I,51.098,4,B2
161,A953_2H,52.428,4,B2
162,K411_1I,53.349,4,B2
163,OPZ20_1,54.131,4,B2
164,GMKF090,54.486,4,B2
165,Satt726,57.55,4,B2
166,A953_1H,60.001,4,B2
167,K494_3I,63.095,4,B2
168,B142_3I,64.481,4,B2
169,GMKF169,66.206,4,B2
170,B221T,67.66,4,B2
171,K411_3I,68.082,4,B2
172,GMKF120,86.18,4,B2
173,Sat_337,0,5,C1
174,K300I,8.438,5,C1
175,Satt396,14.396,5,C1
176,A130I,14.995,5,C1
177,Satt194,16.567,5,C1
178,Satt565,23.973,5,C1
179,SOYGpatr,25.868,5,C1
180,A941V,27.799,5,C1
181,A947V,28.137,5,C1
182,GNB017,29.478,5,C1
183,GNB130,29.846,5,C1
184,GNB127,34.191,5,C1
185,Sat_311,35.493,5,C1
186,GNB129,38.184,5,C1
187,Satt713,40.78,5,C1
188,KNBS22I,44.157,5,C1
189,Sat_042,44.52,5,C1
190,Satt607,46.758,5,C1
191,GMKF102,48.621,5,C1
192,Satt139,49.608,5,C1
193,OPZ18_3,50.99,5,C1
194,GNE125,51.547,5,C1
195,Satt161,52.107,5,C1
196,Satt190,52.776,5,C1
197,AW277661,53.211,5,C1
198,Satt361,54,5,C1
199,Satt399,54.035,5,C1
200,GMHZ,54.612,5,C1
201,Satt476,54.757,5,C1
202,GNB009,57.563,5,C1
203,GNB137,57.851,5,C1
204,GNE116,58.452,5,C1
205,GNB075,60.368,5,C1
206,Satt646,61.242,5,C1
207,GNE176b,62.978,5,C1
208,GNB004,64.173,5,C1
209,GNE002,66.806,5,C1
210,GNB043,69.068,5,C1
211,GNE096,72.257,5,C1
212,Sct_191,72.892,5,C1
213,A256I,74.859,5,C1
214,GNB128,77.987,5,C1
215,LC11T,78.168,5,C1
216,Satt524,85.463,5,C1
217,GMAC7L,88.231,5,C1
218,Satt338,97.453,5,C1
219,Satt322,0,6,C2
220,Satt658,9.434,6,C2
221,LI26T,12.344,6,C2
222,Satt286,15.696,6,C2
223,A63_1T,19.872,6,C2
224,Satt489,22.602,6,C2
225,A397I,24.769,6,C2
226,GMKF143,25.679,6,C2
227,K11_3T,28.144,6,C2
228,Sat_251,28.937,6,C2
229,Sat_312,30.658,6,C2
230,OPW13,31.228,6,C2
231,B131V,32.086,6,C2
232,Satt277,32.662,6,C2
233,GMKF059a,34.043,6,C2
234,Satt365,35.24,6,C2
235,Satt557,35.694,6,C2
236,Satt319,36.46,6,C2
237,OPF19_2,38.453,6,C2
238,GNB062,39.632,6,C2
239,GNB083,40.146,6,C2
240,GNB050,41.066,6,C2
241,GNE043,42.086,6,C2
242,GMES4162,43.625,6,C2
243,GNE046,46.409,6,C2
244,GNE175,52.695,6,C2
245,Sat_238,53.851,6,C2
246,GNB057,55.799,6,C2
247,A748V,60.301,6,C2
248,Sat_252,63.776,6,C2
249,Satt316,69.335,6,C2
250,Satt371,80.534,6,C2
251,LE11T,0,7,D1a
252,Satt531,8.233,7,D1a
253,Satt320,16.988,7,D1a
254,Satt482,19.225,7,D1a
255,A20T,20.835,7,D1a
256,Sat_332,23.67,7,D1a
257,Sat_413,25.201,7,D1a
258,Satt321,25.829,7,D1a
259,A280_1B,27.78,7,D1a
260,A280_2D,30.48,7,D1a
261,Satt267,31.716,7,D1a
262,Satt295,32.86,7,D1a
263,Satt254,33.582,7,D1a
264,Sat_343,42.138,7,D1a
265,Sat_345,47.32,7,D1a
266,Satt468,53.282,7,D1a
267,Satt436,53.627,7,D1a
268,LE21H,68.749,7,D1a
269,AAPK,69.886,7,D1a
270,GNT126a,76.137,7,D1a
271,GNT126b,77.664,7,D1a
272,GMKF008b,83.647,7,D1a
273,Sat_160,87.815,7,D1a
274,GMKF008a,92.18,7,D1a
275,Satt408,97.146,7,D1a
276,Sat_227,0,8,D1b1
277,GNB139,11.12,8,D1b1
278,GNB105,11.954,8,D1b1
279,GNB059,12.446,8,D1b1
280,GNE189,13.883,8,D1b1
281,Sat_096,20.434,8,D1b1
282,A481V,24.089,8,D1b1
283,A725_2V,30.729,8,D1b1
284,A725_3V,34.639,8,D1b1
285,Satt216,40.791,8,D1b1
286,Sat_351,45.418,8,D1b1
287,BE475343,59.572,8,D1b1
288,GNB095,65.008,8,D1b1
289,GNE251,66.573,8,D1b1
290,GNE030,71.555,8,D1b1
291,GNE252,72.121,8,D1b1
292,GNB115,72.336,8,D1b1
293,GNB094,72.349,8,D1b1
294,GNB026,73.821,8,D1b1
295,GNB053,76.437,8,D1b1
296,Satt157,81.172,8,D1b1
297,GNT007,82.713,8,D1b1
298,Satt698,87.562,8,D1b1
299,LC5T,92.216,8,D1b1
300,A691T,93.477,8,D1b1
301,K477I,97.975,8,D1b1
302,Satt558,101.165,8,D1b1
303,GNE174,111.979,8,D1b1
304,Satt611,0,9,D1b2
305,GNE239,8.149,9,D1b2
306,Sat_135,12.234,9,D1b2
307,Satt428,15.671,9,D1b2
308,Satt537,18.611,9,D1b2
309,Satt350,22.632,9,D1b2
310,A953_3H,32.233,9,D1b2
311,LE45T,39.776,9,D1b2
312,A516_3H,41.684,9,D1b2
313,GNE001,51.064,9,D1b2
314,Satt703,59.791,9,D1b2
315,GNE036,0,10,D2
316,W05_2H,5.408,10,D2
317,A64_1I,9.2,10,D2
318,GMKF086b,12.131,10,D2
319,A64_2I,15.851,10,D2
320,A611D,18.081,10,D2
321,Sat_296,23.283,10,D2
322,B146H,28.046,10,D2
323,Satt458,32.665,10,D2
324,Satt135,33.73,10,D2
325,Sat_277,38.596,10,D2
326,GNE288,45.363,10,D2
327,Satt372,51.076,10,D2
328,GMKF058,59.566,10,D2
329,Satt154,61.8,10,D2
330,Satt669,67.547,10,D2
331,Satt397,70.493,10,D2
332,Sat_222,74.514,10,D2
333,Sat_292,78.502,10,D2
334,K286V,79.539,10,D2
335,Sat_001,83.887,10,D2
336,LI10T,84.684,10,D2
337,Satt311,90.761,10,D2
338,Satt464,92.524,10,D2
339,Sat_365,93.969,10,D2
340,Sat_362,96.402,10,D2
341,Sat_338,96.523,10,D2
342,Sat_194,98.259,10,D2
343,Satt543,98.657,10,D2
344,Satt514,99.599,10,D2
345,Satt528,99.981,10,D2
346,Satt574,100.235,10,D2
347,Satt301,101.571,10,D2
348,GNE301,103.3,10,D2
349,GNB126,105.17,10,D2
350,Satt488,106.04,10,D2
351,GNB042,107.354,10,D2
352,Satt226,113.977,10,D2
353,GNE092,115.398,10,D2
354,Satt413,127.861,10,D2
355,Satt256,134.047,10,D2
356,GNE073a,144.211,10,D2
357,GNB097,145.843,10,D2
358,GNB125,148.253,10,D2
359,Satt651,0,11,E
360,L34_1I,6.259,11,E
361,GNE187,15.741,11,E
362,A374H,22.646,11,E
363,Sat_112,28.814,11,E
364,A53H,36.044,11,E
365,GNB080,37.885,11,E
366,GNB110,37.998,11,E
367,GNB092,38.303,11,E
368,GNB114,38.303,11,E
369,GNE068,43.848,11,E
370,A86H,46.75,11,E
371,GNE029b,48.751,11,E
372,A636D,48.803,11,E
373,Satt606,52.835,11,E
374,OPZ18_1,53.37,11,E
375,GMKF022,55.979,11,E
376,L28T,56.584,11,E
377,Sat_380,62.851,11,E
378,Satt268,64.351,11,E
379,LE36I,65.442,11,E
380,Satt706,66.732,11,E
381,Satt204,67.818,11,E
382,Sat_107,68.436,11,E
383,Satt491,69.069,11,E
384,Sat_172,69.977,11,E
385,Satt185,70.624,11,E
386,Satt263,70.904,11,E
387,GNB082,71.863,11,E
388,GNE172,72.588,11,E
389,GNB192,73.038,11,E
390,GNB003,73.674,11,E
391,GMES4571a,73.95,11,E
392,GNE433,74.899,11,E
393,GNE435,75.678,11,E
394,GNB177,76.612,11,E
395,GNE448,77.39,11,E
396,GNB199,78.705,11,E
397,Satt355,79.432,11,E
398,GNB061,80.375,11,E
399,GNE416,82.594,11,E
400,GMKR4,86.103,11,E
401,Satt685,90.746,11,E
402,LI37V,95.958,11,E
403,Satt699,99.086,11,E
404,GMRUBP,0,12,F1
405,Satt269,9.781,12,F1
406,Satt343,14.672,12,F1
407,Satt586,17.942,12,F1
408,Satt252,26.789,12,F1
409,W,32.111,12,F1
410,Satt160,32.637,12,F1
411,AW186493,36.842,12,F1
412,Sat_039,42.879,12,F1
413,Satt659,53.275,12,F1
414,GMKF167a,0,13,F2
415,SOYHSP176,9.099,13,F2
416,Sat_036a,13.079,13,F2
417,Sat_229,14.761,13,F2
418,Sat_234,17.051,13,F2
419,A186H,18.353,13,F2
420,K644_2I,20.254,13,F2
421,Satt334,21.312,13,F2
422,K694_2I,22.602,13,F2
423,Sat_154,23.011,13,F2
424,K4_2V,23.261,13,F2
425,GNE501,23.456,13,F2
426,GNE357,23.755,13,F2
427,GNE502,24.822,13,F2
428,GNE494a,25.2,13,F2
429,GNE238,25.409,13,F2
430,GNE494c,25.667,13,F2
431,Satt114,25.95,13,F2
432,GNE539,26.171,13,F2
433,GNE241,26.228,13,F2
434,GNE317,26.357,13,F2
435,GNB180,26.492,13,F2
436,GNE538,26.74,13,F2
437,GNB178,27.358,13,F2
438,GNE494b,27.49,13,F2
439,GNE196,27.739,13,F2
440,GMES0771a,27.815,13,F2
441,GNE392,27.928,13,F2
442,GMES0255,28.099,13,F2
443,GNE495,28.212,13,F2
444,GNB142,28.455,13,F2
445,GNE384,28.468,13,F2
446,GNE408,28.552,13,F2
447,GMES0781,28.599,13,F2
448,GNE425,28.655,13,F2
449,GNE286,28.805,13,F2
450,GNE369,28.815,13,F2
451,GNE309,29.144,13,F2
452,GNE271,29.324,13,F2
453,GNE247,29.409,13,F2
454,GNE312,29.425,13,F2
455,GNE454,29.478,13,F2
456,GNE371,29.498,13,F2
457,GNE279,29.547,13,F2
458,GNE320a,29.641,13,F2
459,GNE296,30.06,13,F2
460,GNT125,30.231,13,F2
461,GNE149,30.447,13,F2
462,GNB228b,30.564,13,F2
463,GNE071,30.678,13,F2
464,GNE080,30.81,13,F2
465,GNE206,30.92,13,F2
466,GNE200,31.145,13,F2
467,GNB231,31.335,13,F2
468,GNB189,31.686,13,F2
469,OPN11,32.174,13,F2
470,GNE003,32.434,13,F2
471,GNT010b,32.647,13,F2
472,SOPN11,33.57,13,F2
473,GNB186,33.702,13,F2
474,GNB228a,34.088,13,F2
475,B212T,34.304,13,F2
476,GNE320b,35.432,13,F2
477,GNE350,36.51,13,F2
478,Sat_317,38.633,13,F2
479,Satt335,39.432,13,F2
480,K7T,40.278,13,F2
481,Sct_033,40.795,13,F2
482,Satt510,41.056,13,F2
483,B174_2T,45.778,13,F2
484,B174_1I,51.971,13,F2
485,GMKF167b,55.814,13,F2
486,GNE070b,0,14,G
487,A73H,2.137,14,G
488,Sat_094,4.421,14,G
489,GNE485,6.177,14,G
490,Satt594,8.788,14,G
491,Satt352,9.924,14,G
492,Sat_223,10.815,14,G
493,Satt340,11.437,14,G
494,Satt566,11.666,14,G
495,A426T,13.292,14,G
496,GMKF050b,14.81,14,G
497,Satt303,16.447,14,G
498,GNB012,16.475,14,G
499,Sat_308,17.658,14,G
500,Satt394,19.976,14,G
501,A112V,21.033,14,G
502,Satt688,22.729,14,G
503,Sat_164,22.778,14,G
504,Satt503,23.777,14,G
505,Sat_163,25.372,14,G
506,Satt517,25.913,14,G
507,Satt309,29.19,14,G
508,Sat_143,29.61,14,G
509,A885H,31.476,14,G
510,Satt038,31.773,14,G
511,Sat_403,32.927,14,G
512,Satt275,33.579,14,G
513,Sat_168,35.716,14,G
514,GNB034a,36.763,14,G
515,Sat_290,37.76,14,G
516,GMKF012,37.809,14,G
517,GNB034b,40.355,14,G
518,Satt217,40.773,14,G
519,GNB093,41.358,14,G
520,Satt235,45.39,14,G
521,K69T,47.057,14,G
522,Satt130,48.098,14,G
523,LD6T,48.89,14,G
524,GNB022b,51.466,14,G
525,Satt472,55.684,14,G
526,E43T,60.652,14,G
527,K70T,61.796,14,G
528,Sct_199,62.974,14,G
529,GNE342,65.661,14,G
530,GNE343,67.816,14,G
531,Sat_064,71.77,14,G
532,GNB102,72.859,14,G
533,LA7_1T,75.109,14,G
534,GNB069,79.635,14,G
535,OPW02,83.566,14,G
536,A681H,89.891,14,G
537,A703_2B,0,15,H1
538,A36I,2.76,15,H1
539,LI39T,10.204,15,H1
540,Sat_334a,14.927,15,H1
541,GNE494d,24.759,15,H1
542,Sat_214,27.882,15,H1
543,GNB098,33.241,15,H1
544,Satt666,39.61,15,H1
545,GNE052,42.81,15,H1
546,GNB104b,48.827,15,H1
547,Satt353,52.036,15,H1
548,A381B,54.741,15,H1
549,GMKF124,59.058,15,H1
550,GMKF129,63.094,15,H1
551,Satt302,0,16,H2
552,Satt142,6.625,16,H2
553,B72V,14.817,16,H2
554,A858V,15.828,16,H2
555,Satt317,18.836,16,H2
556,Sat_218,21.553,16,H2
557,B148T,26.566,16,H2
558,Satt434,28.076,16,H2
559,Sat_180,33.181,16,H2
560,GNT124,0,17,I1
561,Satt418,2.419,17,I1
562,Satt451,2.455,17,I1
563,Satt562,2.461,17,I1
564,A515D,5.839,17,I1
565,Satt614,11.512,17,I1
566,A135T,16.181,17,I1
567,Satt496,21.011,17,I1
568,Sat_219,22.87,17,I1
569,Sat_174,24.965,17,I1
570,L37_1I,0,18,I2
571,L34_2I,13.826,18,I2
572,GNB025,19.064,18,I2
573,Sat_418,21.541,18,I2
574,Satt650,23.974,18,I2
575,K644_1I,26.448,18,I2
576,K694_1I,26.83,18,I2
577,Satt330,32.103,18,I2
578,Satt292,35.363,18,I2
579,Sat_421,39.08,18,I2
580,GNE059,44.758,18,I2
581,Satt162,46.156,18,I2
582,A7I,51.135,18,I2
583,gmglpsI2,53.851,18,I2
584,Sat_155,55.572,18,I2
585,Sat_419,58.789,18,I2
586,B39V,60.958,18,I2
587,Satt102,63.435,18,I2
588,Satt148,68.751,18,I2
589,Satt623,74.175,18,I2
590,Satt440,78.293,18,I2
591,A644V,87.613,18,I2
592,GMpti_C,101.707,18,I2
593,Satt287,0,19,J
594,Satt249,3.153,19,J
595,GNB021,15.738,19,J
596,Sat_228,21.64,19,J
597,GMKF073,23.084,19,J
598,Sat_259,32.554,19,J
599,Satt686,42.358,19,J
600,B74H,43.245,19,J
601,OPT17_2,44.021,19,J
602,LI20_1T,47.011,19,J
603,SCAR05,50.201,19,J
604,Satt414,52.086,19,J
605,Sat_151,53.275,19,J
606,Satt380,54.693,19,J
607,K102I,55.087,19,J
608,Sct_065,55.469,19,J
609,Satt183,55.825,19,J
610,Satt529,56.443,19,J
611,Satt456,56.525,19,J
612,W05_1H,56.844,19,J
613,Sat_093,57.455,19,J
614,GNE332,58.804,19,J
615,GNE263,59.722,19,J
616,GNE262,60.374,19,J
617,Satt132,61.132,19,J
618,Sat_165,62.11,19,J
619,Sct_001,63.36,19,J
620,LE12T,63.791,19,J
621,Satt215,65.234,19,J
622,Satt621,70.058,19,J
623,L10T,79.994,19,J
624,H1H,85.114,19,J
625,Satt547,91.182,19,J
626,B32I,93.386,19,J
627,Sat_396,97.375,19,J
628,GNE299,102.164,19,J
629,Sat_224,105.769,19,J
630,Sat_394,113.633,19,J
631,Satt712,119.195,19,J
632,Satt431,125.587,19,J
633,Sct_196,0,20,K
634,A315I,2.841,20,K
635,Satt381,6.369,20,K
636,Satt727,15.497,20,K
637,Satt247,18.253,20,K
638,Satt441,20.734,20,K
639,Satt046,21.873,20,K
640,Satt055,22.564,20,K
641,Satt555,23.102,20,K
642,Satt349,23.668,20,K
643,GNB067,24.537,20,K
644,GNB068,25.869,20,K
645,Sat_116,27.666,20,K
646,Satt326,28.722,20,K
647,GMKF157,31.765,20,K
648,A64_3I,35.537,20,K
649,Satt710,38.476,20,K
650,Satt559,39.717,20,K
651,Sat_363,41.286,20,K
652,GNE097b,48.601,20,K
653,A199H,56.245,20,K
654,Sat_043,56.393,20,K
655,GNE054,59.597,20,K
656,Satt260,74.231,20,K
657,Satt475,75.123,20,K
658,GNB020,76.796,20,K
659,GNT010a,81.113,20,K
660,GNB013,83.949,20,K
661,GNE051,88.137,20,K
662,GMES0771b,88.137,20,K
663,A668H,91.458,20,K
664,A141D,93.111,20,K
665,Sat_293,95.399,20,K
666,A661T,97.816,20,K
667,K472T,99.253,20,K
668,K387T,101.154,20,K
669,K390H,103.269,20,K
670,Satt588,106.808,20,K
671,LE34I,110.337,20,K
672,Satt182,0,21,L
673,Satt652,5.275,21,L
674,A23I,8.834,21,L
675,GNE228,11.555,21,L
676,GNB106,15.28,21,L
677,GNB140,16.733,21,L
678,GNB181,18.893,21,L
679,Sat_187,20.55,21,L
680,Satt278,21.418,21,L
681,Satt523,21.605,21,L
682,GNE281,23.921,21,L
683,Sat_191,25.877,21,L
684,Sat_320,26.742,21,L
685,GNB036,27.384,21,L
686,Satt313,27.764,21,L
687,GNE029a,29.29,21,L
688,GNB022a,33.038,21,L
689,Sat_405,36.916,21,L
690,GNE019,39.486,21,L
691,A71_2V,41.62,21,L
692,GNB001,44.846,21,L
693,GNB045,48.439,21,L
694,GNE354,56.515,21,L
695,GNE298,58.461,21,L
696,GNE099,70.543,21,L
697,GNE207,70.545,21,L
698,GNE171,70.84,21,L
699,Satt156,76.451,21,L
700,GNB041,80.771,21,L
701,Sat_113,86.697,21,L
702,GNE141,88.702,21,L
703,Satt527,90.782,21,L
704,GNB072,95.454,21,L
705,A461T,100.327,21,L
706,GMKF125a,104.732,21,L
707,Satt229,109.806,21,L
708,GMKF125b,112.496,21,L
709,K385H,115.378,21,L
710,GNE185,117.473,21,L
711,GNE176a,119.15,21,L
712,GNE226,120.713,21,L
713,Satt513,123.261,21,L
714,GNE058,124.799,21,L
715,Satt373,126.973,21,L
716,Sat_245,134.43,21,L
717,GNE212,0,22,M
718,Sat_389,4.09,22,M
719,Satt636,6.418,22,M
720,L22V,8.549,22,M
721,Satt201,10.3,22,M
722,Satt590,12.087,22,M
723,Satt150,13.924,22,M
724,B122T,15.365,22,M
725,A60V,29.543,22,M
726,GNE217,34.612,22,M
727,B151_1T,34.869,22,M
728,Satt463,43.971,22,M
729,GNE294,48.107,22,M
730,GNB006,50.23,22,M
731,GNB160,51.349,22,M
732,Satt245,51.66,22,M
733,Sat_244,58.377,22,M
734,Sat_276,62.395,22,M
735,Satt308,64.881,22,M
736,Sat_258,65.752,22,M
737,Satt336,67.843,22,M
738,Sat_148,69.735,22,M
739,LD8T,76.601,22,M
740,Satt175,78.8,22,M
741,Satt494,82.872,22,M
742,K24I,83.456,22,M
743,Satt728,87.317,22,M
744,Satt655,91.672,22,M
745,GNE042,97.723,22,M
746,Satt152,0,23,N
747,A77V,4.163,23,N
748,Satt159,6.916,23,N
749,Satt009,11.815,23,N
750,A71_1V,14.327,23,N
751,K418_3V,18.639,23,N
752,Satt675,21.505,23,N
753,OPF16,24.238,23,N
754,Satt485,26.346,23,N
755,GNB076,27.734,23,N
756,OPZ15_1,29.539,23,N
757,Satt125,30.696,23,N
758,LC4_2T,31.239,23,N
759,OPF13,34.003,23,N
760,LC4_4T,35.234,23,N
761,Sat_280,37.476,23,N
762,Sat_275,39.959,23,N
763,Satt080,41.878,23,N
764,Satt033,44.201,23,N
765,Sat_033,45.738,23,N
766,B162T,50.283,23,N
767,Sat_091,51.109,23,N
768,Satt387,54.343,23,N
769,GNE033,59.307,23,N
770,Satt255,63.759,23,N
771,Satt521,65.898,23,N
772,GMABAB,70.095,23,N
773,Satt237,71.049,23,N
774,Sat_285,76.348,23,N
775,LBC,80.287,23,N
776,Satt312,81.943,23,N
777,Sat_295,88.222,23,N
778,GNB169,93.813,23,N
779,GNB132a,96.54,23,N
780,Satt022,100.156,23,N
781,Sat_241,101.788,23,N
782,Sat_306,113.057,23,N
783,Sat_132,0,24,O
784,Sat_196,2.849,24,O
785,Satt358,8,24,O
786,GNB173,12.961,24,O
787,A81T,18.572,24,O
788,GNE097a,22.562,24,O
789,Satt445,24.747,24,O
790,Sat_303,26.919,24,O
791,LE22H,28.816,24,O
792,GNE152,31.703,24,O
793,Sat_318,35.437,24,O
794,A882I,42.644,24,O
795,A644I,46.139,24,O
796,Satt259,50.45,24,O
797,OPT16,56.143,24,O
798,Sat_145,60.801,24,O
799,Satt608,62.659,24,O
800,Satt094,64.02,24,O
801,B151_2T,66.096,24,O
802,LC4_3T,67.204,24,O
803,LC4_1T,68.706,24,O
804,Satt576,69.614,24,O
805,Sat_291,70.42,24,O
806,Satt633,71.278,24,O
807,Satt345,71.56,24,O
808,Satt188,71.861,24,O
809,Satt479,72.015,24,O
810,Satt550,72.262,24,O
811,Satt420,72.369,24,O
812,OPZ13,73.148,24,O
813,Satt128,73.505,24,O
814,Satt173,74.245,24,O
815,Satt262,74.802,24,O
816,Satt473,75.248,24,O
817,GNE259,76.092,24,O
818,GNE073b,79.007,24,O
819,GMES4571b,83.731,24,O
820,GNB054,86.441,24,O
821,BE801128,89.7,24,O
822,GNE130,95.825,24,O
823,Satt331,100.298,24,O
824,Satt592,101.036,24,O
825,Sat_274,102.744,24,O
826,GMKF082b,108.182,24,O
827,LE23T,116.069,24,O
828,GNE035,119.169,24,O
829,Sat_231,128.989,24,O
830,Sat_109,132.564,24,O
831,GNB038,138.771,24,O
832,GNE503,142.368,24,O
833,GNE213,143.566,24,O
834,GNE012,154.614,24,O
